Transaction Date,Posting Date,Description,Amount,Category,Month,Year
1-Feb,3-Feb,ANNUAL FEE,39,Banking fee,Feb,2020
3-Feb,3-Feb,ANNUAL REBATE FEE,-39,Banking fee,Feb,2020
11-Oct,15-Oct,WAL-MART SUPERCENTER#1107WATERDOWN ON,31.69,Shopping,Oct,2020
15-Oct,15-Oct,AMZN MKTP CA*MK0524RQ0 WWW.AMAZON.CAON,60.81,Shopping - Amazon,Oct,2020
16-Oct,19-Oct,FORTINOS (WATERDOWN 20 WATERDOWN ON,17.68,Groceries,Oct,2020
16-Oct,19-Oct,FORTINOS (MAIN STREET) HAMILTON ON,18.31,Groceries,Oct,2020
17-Oct,19-Oct,R M*WYSE 289-3190885 ON,35.3,Electricity,Oct,2020
17-Oct,19-Oct,PAYMENT - THANK YOU / PAIEMENT - MERCI,-733,Credit card payment,Oct,2020
17-Oct,19-Oct,CANADIANTIRE.CA/ROADSIDE 8887277478 ON,112.94,Shopping,Oct,2020
20-Oct,21-Oct,COGECO CONNEXION BURLINGTON ON,96.04,Internet,Oct,2020
21-Oct,22-Oct,ERIC'S NO FRILLS 3114 WATERDOWN ON,41.36,Groceries,Oct,2020
21-Oct,23-Oct,MTO RUS - SO WATERDOWN WATERDOWN ON,35,NA,Oct,2020
22-Oct,22-Oct,AMZN MKTP CA*2T2X58Q41 WWW.AMAZON.CAON,76.69,Shopping - Amazon,Oct,2020
22-Oct,23-Oct,TIM HORTONS #38 DUNDAS ON,3.75,Coffee,Oct,2020
23-Oct,26-Oct,INDIAN GROCERS BURLINGTON ON,28.54,Groceries,Oct,2020
23-Oct,26-Oct,THE WINGERY - BURLINGT BURLINGTON ON,12.41,Food - Take out,Oct,2020
24-Oct,27-Oct,WAL-MART SUPERCENTER#1107WATERDOWN ON,81.47,Shopping,Oct,2020
24-Oct,26-Oct,AMAZON.CA PRIME MEMBER AMAZON.CA/PRIBC,9.03,Shopping - Amazon,Oct,2020
26-Oct,27-Oct,FORTINOS (MAIN STREET) HAMILTON ON,69.15,Groceries,Oct,2020
26-Oct,28-Oct,THE CHILDRENS PLACE MISSISSAUGA ON,50.88,Clothing,Oct,2020
28-Oct,29-Oct,PIONEER STN #19 DUNDAS ON,25,Fuel,Oct,2020
28-Oct,29-Oct,EDDIE BAUER CANADA #91 HAMILTON ON,216.28,NA,Oct,2020
29-Oct,30-Oct,FORTINOS (MAIN STREET) HAMILTON ON,60.09,Groceries,Oct,2020
30-Oct,2-Nov,DHL EXPRESS ADC QC 905-861-3540 ON,18.64,NA,Oct,2020
30-Oct,30-Oct,PAYMENT - THANK YOU / PAIEMENT - MERCI,-689.26,Credit card payment,Oct,2020
31-Oct,2-Nov,COPPER KETTLE CAFE WATERDOWN ON,7,Restaurant,Oct,2020
31-Oct,2-Nov,INDIAN HUT WATERDOWN ON,23.45,NA,Oct,2020
1-Nov,2-Nov,FORTINOS (MAIN STREET) HAMILTON ON,29.11,Groceries,Nov,2020
2-Nov,3-Nov,AMZN MKTP CA*2833P51Z0 WWW.AMAZON.CAON,79.09,Shopping - Amazon,Nov,2020
3-Nov,4-Nov,FORTINOS HAMILTON ON,34.63,Groceries,Nov,2020
3-Nov,4-Nov,SUPERCUTS SALON #57022 WATERDOWN ON,34.31,Grooming,Nov,2020
3-Nov,3-Nov,AMAZON.CA*287PZ0VY1 AMAZON.CA ON,32.21,Shopping - Amazon,Nov,2020
6-Nov,9-Nov,FORTINOS (WATERDOWN 20 WATERDOWN ON,82.54,Groceries,Nov,2020
7-Nov,9-Nov,IKEA BURLINGTON BURLINGTON ON,30.42,Shopping,Nov,2020
7-Nov,9-Nov,WAL*MART CANADA INC MISSISSAUGA ON,-62.14,NA,Nov,2020
8-Nov,9-Nov,AMZN MKTP CA*281Z16BF2 WWW.AMAZON.CAON,48.24,Shopping - Amazon,Nov,2020
8-Nov,9-Nov,VESTA *CHATR 888-278-5588 BC,39.55,Phone,Nov,2020
10-Nov,12-Nov,FORTINOS (WATERDOWN 20 WATERDOWN ON,62.36,Groceries,Nov,2020
10-Nov,12-Nov,SHOPPERS DRUG MART #1054 WATERDOWN ON,25.44,Healthcare - Pharmacy,Nov,2020
12-Nov,16-Nov,WAL-MART SUPERCENTER#1107WATERDOWN ON,107.25,Shopping,Nov,2020
13-Nov,16-Nov,NETFLIX.COM 866-716-0414 ON,14.99,Entertainment,Nov,2020
13-Nov,16-Nov,VESTA *CHATR 888-278-5588 BC,39.55,Phone,Nov,2020
14-Nov,16-Nov,PAYMENT - THANK YOU / PAIEMENT - MERCI,-786.22,Credit card payment,Nov,2020
15-Nov,16-Nov,AMZN MKTP CA*204ES9A11 WWW.AMAZON.CAON,10.6,Shopping - Amazon,Nov,2020
17-Nov,18-Nov,FORTINOS (WATERDOWN 20 WATERDOWN ON,93.55,Groceries,Nov,2020
17-Nov,18-Nov,SHOPPERS DRUG MART #1054 WATERDOWN ON,15.46,Healthcare - Pharmacy,Nov,2020
20-Nov,20-Nov,DOORDASH*BANGKOK SPOON DOWNTOWN TOROON,37.29,Food - Take out,Nov,2020
20-Nov,23-Nov,R M*WYSE 289-3190885 ON,42.35,Electricity,Nov,2020
20-Nov,23-Nov,COGECO CONNEXION 905-3335343 ON,96.04,Internet,Nov,2020
20-Nov,23-Nov,DOLLARAMA # 598 WATERDOWN ON,19.78,Shopping,Nov,2020
21-Nov,23-Nov,FORTINOS (WATERDOWN 20 WATERDOWN ON,32.74,Groceries,Nov,2020
24-Nov,24-Nov,AMAZON.CA PRIME MEMBER AMAZON.CA/PRIBC,9.03,Shopping - Amazon,Nov,2020
24-Nov,25-Nov,COPPER KETTLE CAFE WATERDOWN ON,11,Restaurant,Nov,2020
25-Nov,26-Nov,TIM HORTONS #38 DUNDAS ON,5.99,Coffee,Nov,2020
28-Nov,30-Nov,AMZN MKTP CA*C72WS7AB3 WWW.AMAZON.CAON,97.99,Shopping - Amazon,Nov,2020
28-Nov,30-Nov,FORTINOS (WATERDOWN 20 WATERDOWN ON,42.17,Groceries,Nov,2020
28-Nov,30-Nov,DYMENTS FARM DUNDAS ON,46.45,Groceries,Nov,2020
29-Nov,30-Nov,SHOPPERS DRUG MART DUNDAS ON,24.65,Healthcare - Pharmacy,Nov,2020
29-Nov,30-Nov,PAYMENT - THANK YOU / PAIEMENT - MERCI,-700,Credit card payment,Nov,2020
29-Nov,30-Nov,DOLLARAMA # 284 DUNDAS ON,4.52,Shopping,Nov,2020
2-Dec,3-Dec,FORTINOS (WATERDOWN 20 WATERDOWN ON,49.81,Groceries,Dec,2020
2-Dec,2-Dec,GAP.COM 4584 800-427-7895 ON,33.9,Clothing,Dec,2020
2-Dec,3-Dec,DOLLARAMA # 598 WATERDOWN ON,8.48,Shopping,Dec,2020
2-Dec,3-Dec,SHOPPERS DRUG MART #1054 WATERDOWN ON,23.12,Healthcare - Pharmacy,Dec,2020
2-Dec,4-Dec,PETROCAN-475 HWY 6 DUNDAS ON,15,Fuel,Dec,2020
4-Dec,4-Dec,GAP.COM 4584 800-427-7895 ON,58.09,Clothing,Dec,2020
4-Dec,7-Dec,AMZN MKTP CA*5J02L5RQ3 WWW.AMAZON.CAON,31.49,Shopping - Amazon,Dec,2020
5-Dec,7-Dec,BOMBAY SPICES HAMILTON HAMILTON ON,41.83,Restaurant,Dec,2020
6-Dec,7-Dec,FORTINOS HAMILTON ON,35.39,Groceries,Dec,2020
8-Dec,8-Dec,VESTA *CHATR 888-278-5588 BC,39.55,Phone,Dec,2020
12-Dec,14-Dec,AMAZON.CA*YL19L0HF3 AMAZON.CA ON,12.06,Shopping - Amazon,Dec,2020
12-Dec,14-Dec,ROYAL EAST DENTAL CENT DUNDAS ON,104.8,Healthcare - Dental,Dec,2020
12-Dec,14-Dec,DOORDASH*PIZZA PIZZA DOWNTOWN TOROON,30.6,Food - Take out,Dec,2020
13-Dec,14-Dec,NETFLIX.COM 866-716-0414 ON,14.99,Entertainment,Dec,2020
13-Dec,14-Dec,PAYMENT - THANK YOU / PAIEMENT - MERCI,-588.57,Credit card payment,Dec,2020
9-Dec,10-Dec,THAI WATERDOWN WATERDOWN ON,35.8,NA,Dec,2020
22-Feb,24-Feb,PRINCE OF INDIA BURLINGTON ON,16.88,NA,Feb,2020
23-Feb,26-Feb,WAL-MART SUPERCENTER#3141BURLINGTON ON,6.81,Shopping,Feb,2020
23-Feb,26-Feb,WAL-MART SUPERCENTER#3141BURLINGTON ON,11.27,Shopping,Feb,2020
23-Feb,24-Feb,TIM HORTONS #0582 BURLINGTON ON,6.35,Coffee,Feb,2020
23-Feb,24-Feb,AMAYA EXPRESS BURLINGTON ON,14.23,NA,Feb,2020
23-Feb,24-Feb,MCDONALD'S #2129 BURLINGTON ON,11.84,NA,Feb,2020
24-Feb,25-Feb,POPEYES 13248 HAMILTON ON,13.19,NA,Feb,2020
24-Feb,26-Feb,STARBUCKS 04979 WATERDOWN ON,5.03,Coffee,Feb,2020
24-Feb,24-Feb,TIM HORTONS #0582 BURLINGTON ON,1.88,Coffee,Feb,2020
24-Feb,25-Feb,HAKKA FRESH BURLINGTON ON,28.49,NA,Feb,2020
25-Feb,26-Feb,TIM HORTONS #1007 BURLINGTON ON,1.88,Coffee,Feb,2020
25-Feb,26-Feb,BEST BUY #942 BURLINGTON ON,67.78,Shopping,Feb,2020
25-Feb,26-Feb,POPEYES 13248 HAMILTON ON,13.87,NA,Feb,2020
26-Feb,28-Feb,DRAGON ISLAND WATERDOWN ON,10.15,NA,Feb,2020
26-Feb,27-Feb,WWW.COWANGROUP.CA CAMBRIDGE CENON,184.84,NA,Feb,2020
26-Feb,27-Feb,TIM HORTONS #1007 BURLINGTON ON,5.46,Coffee,Feb,2020
27-Feb,28-Feb,POPEYES 13248 HAMILTON ON,13.87,NA,Feb,2020
28-Feb,2-Mar,THE BOMBAY GRILL BURLINGTON ON,14.68,NA,Feb,2020
Feb-29,2-Mar,AMZN MKTP CA*EF0IR25X3 WWW.AMAZON.CAON,354.97,Shopping - Amazon,Feb,2020
Feb-29,2-Mar,BRANT PLAZA PHARMASAVE BURLINGTON ON,"1,284.00",NA,Feb,2020
Feb-29,2-Mar,BRANT PLAZA PHARMASAVE BURLINGTON ON,"-1,284.00",NA,Feb,2020
Feb-29,2-Mar,ANJAPPAR CHETTINAD RESTAUBRAMPTON ON,38.14,Restaurant,Feb,2020
Feb-29,2-Mar,CDN TIRE GASBAR #01721 BURLINGTON ON,20,Shopping,Feb,2020
1-Mar,4-Mar,WAL-MART SUPERCENTER#1107WATERDOWN ON,157.77,Shopping,Mar,2020
1-Mar,4-Mar,WAL-MART SUPERCENTER#1107WATERDOWN ON,35.45,Shopping,Mar,2020
1-Mar,2-Mar,TIM HORTONS #0582 BURLINGTON ON,5.74,Coffee,Mar,2020
1-Mar,2-Mar,AI5-PHO NAM THANH - VIET-DUNDAS ON,16.9,NA,Mar,2020
1-Mar,2-Mar,FAMOUS WOK BURLINGTON ON,13.87,NA,Mar,2020
2-Mar,3-Mar,ERIC'S NO FRILLS 3114 WATERDOWN ON,18.91,Groceries,Mar,2020
2-Mar,3-Mar,SUBWAY # 15472 WATERDOWN ON,8.46,NA,Mar,2020
3-Mar,4-Mar,KFC # 1434 WATERDOWN ON,11.85,NA,Mar,2020
3-Mar,6-Mar,FORTINOS (WATERDOWN 20 WATERDOWN ON,14.46,Groceries,Mar,2020
3-Mar,4-Mar,STAPLES #456 DUNDAS ON,1.7,Shopping,Mar,2020
4-Mar,5-Mar,SUBWAY # 41084 WATERDOWN ON,5.07,NA,Mar,2020
5-Mar,6-Mar,POPEYES 13248 HAMILTON ON,13.87,NA,Mar,2020
5-Mar,9-Mar,WAL-MART SUPERCENTER#1107WATERDOWN ON,105.29,Shopping,Mar,2020
5-Mar,5-Mar,PAYMENT - THANK YOU / PAIEMENT - MERCI,-500,Credit card payment,Mar,2020
5-Mar,6-Mar,STAPLES #456 DUNDAS ON,0.14,Shopping,Mar,2020
7-Mar,9-Mar,INDIAN GROCERS BURLINGTON ON,35.26,Groceries,Mar,2020
7-Mar,9-Mar,SUPERCUTS SALON #57022 WATERDOWN ON,28.85,Grooming,Mar,2020
7-Mar,9-Mar,AI5-PHO NAM THANH - VIET-DUNDAS ON,16.9,NA,Mar,2020
7-Mar,9-Mar,SHOPPERSDRUGMART1206 BURLINGTON ON,19.55,Healthcare - Pharmacy,Mar,2020
7-Mar,9-Mar,AIR- SERV A PS607547 WATERDOWN ON,1.5,NA,Mar,2020
7-Mar,9-Mar,AIR- SERV A PS607547 WATERDOWN ON,1.5,NA,Mar,2020
7-Mar,9-Mar,PAYMENT - THANK YOU / PAIEMENT - MERCI,-645,Credit card payment,Mar,2020
7-Mar,9-Mar,CDN TIRE STORE #00220 WATERDOWN ON,16.94,Shopping,Mar,2020
7-Mar,9-Mar,CDN TIRE GASBAR #01318 WATERDOWN ON,20,Shopping,Mar,2020
8-Mar,9-Mar,WAYFAIR*WAYFAIR.CA 800-5081737 ON,508.49,NA,Mar,2020
8-Mar,9-Mar,TIM HORTONS #38 DUNDAS ON,1.88,Coffee,Mar,2020
8-Mar,11-Mar,ANJAPPAR CHETTINAD RESTAUBRAMPTON ON,35.88,Restaurant,Mar,2020
9-Mar,10-Mar,TIM HORTONS #0321 WATERDOWN ON,10.37,Coffee,Mar,2020
10-Mar,10-Mar,AMZ*MOLBLLY SLEEP WWW.AMAZON.CAON,-354.97,Shopping - Amazon,Mar,2020
10-Mar,11-Mar,KFC # 1434 WATERDOWN ON,11.85,NA,Mar,2020
11-Mar,12-Mar,SUBWAY # 41084 WATERDOWN ON,5.07,NA,Mar,2020
11-Mar,12-Mar,POPEYES 13248 HAMILTON ON,6.2,NA,Mar,2020
11-Mar,11-Mar,SVI - 143 HEARTLAKE RD 905-457-0777 ON,161.95,NA,Mar,2020
12-Mar,13-Mar,INDIAN HUT WATERDOWN ON,16.94,NA,Mar,2020
12-Mar,13-Mar,SUBWAY # 41084 WATERDOWN ON,8.46,NA,Mar,2020
12-Mar,13-Mar,PETROCAN-475 HWY 6 DUNDAS ON,20,Fuel,Mar,2020
13-Mar,16-Mar,THAI WATERDOWN WATERDOWN ON,11.3,NA,Mar,2020
13-Mar,16-Mar,FORTINO'S (PLAINS ROAD BURLINGTON ON,70.71,NA,Mar,2020
13-Mar,16-Mar,TIM HORTONS #38 DUNDAS ON,1.88,Coffee,Mar,2020
13-Mar,16-Mar,IKEA BURLINGTON BURLINGTON ON,198.26,Shopping,Mar,2020
14-Mar,16-Mar,MARILU'S MARKET BURLINGTON ON,33.74,NA,Mar,2020
14-Mar,16-Mar,TIM HORTONS #38 DUNDAS ON,1.88,Coffee,Mar,2020
16-Mar,18-Mar,WAYFAIR*WAYFAIR.CA 800-5081737 ON,209.04,NA,Mar,2020
17-Mar,18-Mar,TIM HORTONS #38 DUNDAS ON,1.88,Coffee,Mar,2020
17-Mar,18-Mar,GROCERY ZONE INC HAMILTON ON,17.1,NA,Mar,2020
17-Mar,18-Mar,SUBWAY # 11074 DUNDAS ON,8.24,NA,Mar,2020
17-Mar,18-Mar,CDN TIRE GASBAR #01318 WATERDOWN ON,20,Shopping,Mar,2020
17-Mar,17-Mar,PAYMENT - THANK YOU / PAIEMENT - MERCI,"-1,000.00",Credit card payment,Mar,2020
18-Mar,19-Mar,TIM HORTONS #38 DUNDAS ON,1.88,Coffee,Mar,2020
18-Mar,19-Mar,INDIAN GROCERS BURLINGTON ON,68.3,Groceries,Mar,2020
19-Mar,20-Mar,FORTINOS (MAIN STREET) HAMILTON ON,22.01,Groceries,Mar,2020
20-Mar,23-Mar,COGECO CONNEXION BURLINGTON ON,123.16,Internet,Mar,2020
21-Mar,23-Mar,FORTINOS (MAIN STREET) HAMILTON ON,69.79,Groceries,Mar,2020
22-Mar,25-Mar,WAL-MART SUPERCENTER#1107WATERDOWN ON,145,Shopping,Mar,2020
24-Mar,25-Mar,FORTINOS (MAIN STREET) HAMILTON ON,16.32,Groceries,Mar,2020
24-Mar,25-Mar,FORTINOS (WATERDOWN 20 WATERDOWN ON,9.1,Groceries,Mar,2020
28-Mar,30-Mar,FORTINOS (WATERDOWN 20 WATERDOWN ON,139.56,Groceries,Mar,2020
7-Apr,8-Apr,FORTINOS (WATERDOWN 20 WATERDOWN ON,167.26,Groceries,Apr,2020
10-Apr,13-Apr,DISNEY PLUS 1 800727-1800CA,8.99,Entertainment,Apr,2020
10-Apr,13-Apr,PAYMENT - THANK YOU / PAIEMENT - MERCI,"-1,110.00",Credit card payment,Apr,2020
11-Apr,13-Apr,SVI - 143 HEARTLAKE RD 905-457-0777 ON,161.95,NA,Apr,2020
13-Apr,14-Apr,MANULIFE FINANCIAL TORONTO ON,213.6,NA,Apr,2020
14-Apr,14-Apr,PURCHASE INTEREST 19.99%,10.08,NA,Apr,2020
16-Apr,17-Apr,VESTA *CHATR 888-278-5588 BC,45.2,Phone,Apr,2020
16-Apr,17-Apr,R M*WYSE 289-3190885 ON,231.14,Electricity,Apr,2020
16-Apr,17-Apr,FORTINOS (WATERDOWN 20 WATERDOWN ON,94.69,Groceries,Apr,2020
20-Apr,21-Apr,COGECO CONNEXION BURLINGTON ON,89.26,Internet,Apr,2020
21-Apr,22-Apr,MANULIFE FINANCIAL TORONTO ON,-213.6,NA,Apr,2020
24-Apr,24-Apr,AMAZON.CA PRIME MEMBER AMAZON.CA/PRIBC,9.03,Shopping - Amazon,Apr,2020
24-Apr,27-Apr,FORTINOS (WATERDOWN 20 WATERDOWN ON,105.79,Groceries,Apr,2020
26-Apr,29-Apr,WAL-MART SUPERCENTER#1107WATERDOWN ON,267.82,Shopping,Apr,2020
28-Apr,29-Apr,PAYMENT - THANK YOU / PAIEMENT - MERCI,-500,Credit card payment,Apr,2020
1-May,4-May,FORTINOS (WATERDOWN 20 WATERDOWN ON,123.65,Groceries,May,2020
1-May,4-May,PETROCAN-475 HWY 6 DUNDAS ON,25,Fuel,May,2020
6-May,6-May,SVI - 143 HEARTLAKE RD 905-457-0777 ON,161.95,NA,May,2020
8-May,11-May,FORTINOS (WATERDOWN 20 WATERDOWN ON,147.03,Groceries,May,2020
8-May,11-May,WAL-MART SUPERCENTER#1107WATERDOWN ON,38.33,Shopping,May,2020
10-May,11-May,DISNEY PLUS 1 800727-1800CA,8.99,Entertainment,May,2020
15-May,19-May,FORTINOS (WATERDOWN 20 WATERDOWN ON,87.1,Groceries,May,2020
15-May,19-May,WAL-MART SUPERCENTER#1107WATERDOWN ON,117.59,Shopping,May,2020
19-May,21-May,CLASSIC TOWING AND STORAGETOBICOKE ON,192.09,NA,May,2020
19-May,22-May,WAL-MART SUPERCENTER#1107WATERDOWN ON,28.2,Shopping,May,2020
20-May,21-May,COGECO CONNEXION BURLINGTON ON,89.26,Internet,May,2020
20-May,20-May,VESTA *CHATR 888-278-5588 BC,45.2,Phone,May,2020
20-May,20-May,PAYMENT - THANK YOU / PAIEMENT - MERCI,"-1,000.00",Credit card payment,May,2020
22-May,25-May,AMAZON.CA*M78MJ3M31 AMAZON.CA ON,47.4,Shopping - Amazon,May,2020
23-May,25-May,R M*WYSE 289-3190885 ON,41.35,Electricity,May,2020
23-May,25-May,ZARA.COM CANADA MONTREAL QC,40.53,NA,May,2020
24-May,25-May,AMAZON.CA PRIME MEMBER AMAZON.CA/PRIBC,9.03,Shopping - Amazon,May,2020
25-May,26-May,FORTINOS (WATERDOWN 20 WATERDOWN ON,75.34,Groceries,May,2020
27-May,27-May,AMAZON.CA*M71QT5UY1 AMAZON.CA ON,1.47,Shopping - Amazon,May,2020
27-May,27-May,AMZN MKTP CA*M78GE9SH0 WWW.AMAZON.CAON,12.96,Shopping - Amazon,May,2020
27-May,27-May,AMZN MKTP CA*M75AA0ST0 WWW.AMAZON.CAON,42.64,Shopping - Amazon,May,2020
27-May,27-May,AMZN MKTP CA*M73TW6SD0 WWW.AMAZON.CAON,59.97,Shopping - Amazon,May,2020
30-May,1-Jun,AMAZON.CA*MY0QV14H1 AMAZON.CA ON,7.9,Shopping - Amazon,May,2020
30-May,1-Jun,AMZN MKTP CA*M77Z252R2 WWW.AMAZON.CAON,33.89,Shopping - Amazon,May,2020
30-May,1-Jun,WAYFAIR*WAYFAIR.CA 800-5081737 ON,72.31,NA,May,2020
1-Jun,3-Jun,WAYFAIR*WAYFAIR.CA 800-5081737 ON,79.09,NA,Jun,2020
1-Jun,2-Jun,PAYMENT - THANK YOU / PAIEMENT - MERCI,-900,Credit card payment,Jun,2020
3-Jun,4-Jun,FORTINOS (WATERDOWN 20 WATERDOWN ON,56.21,Groceries,Jun,2020
4-Jun,4-Jun,SVI - 143 HEARTLAKE RD 905-457-0777 ON,161.95,NA,Jun,2020
5-Jun,8-Jun,H&M ONLINE TORONTO ON,82.54,NA,Jun,2020
5-Jun,8-Jun,WAL-MART SUPERCENTER#1107WATERDOWN ON,105.16,Shopping,Jun,2020
7-Jun,8-Jun,PAYMENT - THANK YOU / PAIEMENT - MERCI,-400,Credit card payment,Jun,2020
9-Jun,10-Jun,VESTA *CHATR 888-278-5588 BC,33.9,Phone,Jun,2020
9-Jun,10-Jun,UDEMY ONLINE COURSES HTTPSWWW.UDEMCA,14.99,NA,Jun,2020
9-Jun,10-Jun,FORTINOS (WATERDOWN 20 WATERDOWN ON,33.49,Groceries,Jun,2020
11-Jun,11-Jun,AMAZON.CA*MY6V37BW2 AMAZON.CA ON,20.33,Shopping - Amazon,Jun,2020
13-Jun,15-Jun,CDN TIRE STORE #00027 DUNDAS ON,14.44,Shopping,Jun,2020
14-Jun,15-Jun,AMZN MKTP CA*MS2C85CS0 WWW.AMAZON.CAON,30.54,Shopping - Amazon,Jun,2020
14-Jun,15-Jun,FORTINOS (WATERDOWN 20 WATERDOWN ON,11.33,Groceries,Jun,2020
14-Jun,15-Jun,PIONEER STN #19 DUNDAS ON,25,Fuel,Jun,2020
14-Jun,15-Jun,PAYMENT - THANK YOU / PAIEMENT - MERCI,-300,Credit card payment,Jun,2020
14-Jun,15-Jun,CDN TIRE STORE #00220 WATERDOWN ON,139.32,Shopping,Jun,2020
14-Jun,17-Jun,STARBUCKS 04979 WATERDOWN ON,9.72,Coffee,Jun,2020
15-Jun,16-Jun,AMZN MKTP CA*MY0FE2I32 WWW.AMAZON.CAON,30.16,Shopping - Amazon,Jun,2020
15-Jun,16-Jun,AMAZON.CA*MS47Q2NE1 AMAZON.CA ON,33.89,Shopping - Amazon,Jun,2020
15-Jun,17-Jun,MTO RUS - SO WATERDOWN WATERDOWN ON,199,NA,Jun,2020
15-Jun,16-Jun,CDN TIRE STORE #00027 DUNDAS ON,15.8,Shopping,Jun,2020
16-Jun,16-Jun,AMZN MKTP CA*MS12S53T1 WWW.AMAZON.CAON,47.41,Shopping - Amazon,Jun,2020
16-Jun,17-Jun,CDN TIRE STORE #00027 DUNDAS ON,9.03,Shopping,Jun,2020
17-Jun,18-Jun,INDIAN GROCERS BURLINGTON ON,13.86,Groceries,Jun,2020
18-Jun,19-Jun,R M*WYSE 289-3190885 ON,33.68,Electricity,Jun,2020
18-Jun,18-Jun,PAYMENT - THANK YOU / PAIEMENT - MERCI,-500,Credit card payment,Jun,2020
19-Jun,22-Jun,FORTINOS (WATERDOWN 20 WATERDOWN ON,116.96,Groceries,Jun,2020
20-Jun,22-Jun,GAP.COM 4584 800-427-7895 ON,33.95,Clothing,Jun,2020
20-Jun,22-Jun,COGECO CONNEXION BURLINGTON ON,89.26,Internet,Jun,2020
22-Jun,25-Jun,WAL-MART SUPERCENTER#1107WATERDOWN ON,29.37,Shopping,Jun,2020
24-Jun,24-Jun,AMAZON.CA PRIME MEMBER AMAZON.CA/PRIBC,9.03,Shopping - Amazon,Jun,2020
24-Jun,25-Jun,FORTINOS (MAIN STREET) HAMILTON ON,15.17,Groceries,Jun,2020
25-Jun,26-Jun,GAP.COM 4584 800-427-7895 ON,31.18,Clothing,Jun,2020
27-Jun,29-Jun,INDIAN GROCERS BURLINGTON ON,42.2,Groceries,Jun,2020
27-Jun,29-Jun,FORTINOS (UPPER MIDDLE BURLINGTON ON,52.48,Groceries,Jun,2020
29-Jun,30-Jun,407-ETR-WEB WOODBRIDGE ON,27.69,NA,Jun,2020
29-Jun,30-Jun,PAYMENT - THANK YOU / PAIEMENT - MERCI,-400,Credit card payment,Jun,2020
30-Jun,2-Jul,FORTINOS (WATERDOWN 20 WATERDOWN ON,27.32,Groceries,Jun,2020
30-Jun,2-Jul,DOORDASH*INDIA VILLAGE DOWNTOWN TOROON,29.85,Food - Take out,Jun,2020
30-Jun,2-Jul,SHOPPERS DRUG MART #1054 WATERDOWN ON,27.89,Healthcare - Pharmacy,Jun,2020
2-Jul,2-Jul,SVI - 143 HEARTLAKE RD 905-457-0777 ON,161.95,NA,Jul,2020
3-Jul,6-Jul,SHOPPERS DRUG MART0742 DUNDAS ON,15.24,Healthcare - Pharmacy,Jul,2020
4-Jul,6-Jul,FORTINOS (MAIN STREET) HAMILTON ON,49.13,Groceries,Jul,2020
4-Jul,6-Jul,PIONEER STN #19 DUNDAS ON,25,Fuel,Jul,2020
6-Jul,7-Jul,FORTINOS (WATERDOWN 20 WATERDOWN ON,20.25,Groceries,Jul,2020
7-Jul,7-Jul,PAYMENT - THANK YOU / PAIEMENT - MERCI,-300,Credit card payment,Jul,2020
8-Jul,9-Jul,FORTINOS (WATERDOWN 20 WATERDOWN ON,17.28,Groceries,Jul,2020
8-Jul,8-Jul,PAYMENT - THANK YOU / PAIEMENT - MERCI,-238,Credit card payment,Jul,2020
9-Jul,9-Jul,VESTA *CHATR 888-278-5588 BC,39.55,Phone,Jul,2020
10-Jul,13-Jul,INDIAN GROCERS BURLINGTON ON,39.6,Groceries,Jul,2020
13-Jul,14-Jul,FORTINOS (MAIN STREET) HAMILTON ON,28.93,Groceries,Jul,2020
13-Jul,14-Jul,FORTINOS (MAIN STREET) HAMILTON ON,4.85,Groceries,Jul,2020
15-Jul,16-Jul,FORTINOS (MAIN STREET) HAMILTON ON,62.7,Groceries,Jul,2020
16-Jul,16-Jul,PAYMENT - THANK YOU / PAIEMENT - MERCI,-130,Credit card payment,Jul,2020
17-Jul,17-Jul,AMZN MKTP CA*MJ9WI6WW2 WWW.AMAZON.CAON,51.11,Shopping - Amazon,Jul,2020
17-Jul,20-Jul,R M*WYSE 289-3190885 ON,31.42,Electricity,Jul,2020
17-Jul,20-Jul,METRO #102 DUNDAS ON,64.04,Shopping,Jul,2020
18-Jul,20-Jul,DOORDASH*BASILIQUE DOWNTOWN TOROON,22.05,Food - Take out,Jul,2020
20-Jul,21-Jul,FORTINOS (MAIN STREET) HAMILTON ON,23.92,Groceries,Jul,2020
20-Jul,21-Jul,COGECO CONNEXION BURLINGTON ON,89.26,Internet,Jul,2020
22-Jul,23-Jul,FORTINOS (MAIN STREET) HAMILTON ON,17.93,Groceries,Jul,2020
22-Jul,23-Jul,DOORDASH*THAI EXPRESS DOWNTOWN TOROON,22.8,Food - Take out,Jul,2020
23-Jul,23-Jul,PAYMENT - THANK YOU / PAIEMENT - MERCI,-300,Credit card payment,Jul,2020
24-Jul,24-Jul,AMAZON.CA PRIME MEMBER AMAZON.CA/PRIBC,9.03,Shopping - Amazon,Jul,2020
25-Jul,27-Jul,AMZ*AMOSTING WWW.AMAZON.CAON,-23.99,Shopping - Amazon,Jul,2020
25-Jul,27-Jul,INDIAN GROCERS BURLINGTON ON,38.69,Groceries,Jul,2020
25-Jul,27-Jul,FORTINOS (UPPER MIDDLE BURLINGTON ON,33.86,Groceries,Jul,2020
25-Jul,27-Jul,STAPLES #456 DUNDAS ON,0.46,Shopping,Jul,2020
28-Jul,29-Jul,407-ETR-WEB WOODBRIDGE ON,7.3,NA,Jul,2020
29-Jul,29-Jul,AMAZON.CA*MF90O3ZB1 AMAZON.CA ON,416.97,Shopping - Amazon,Jul,2020
29-Jul,29-Jul,AMAZON.CA*MF5009Z01 AMAZON.CA ON,7.88,Shopping - Amazon,Jul,2020
29-Jul,30-Jul,SUPERCUTS SALON #57022 WATERDOWN ON,39.31,Grooming,Jul,2020
30-Jul,31-Jul,FORTINOS (MAIN STREET) HAMILTON ON,60.74,Groceries,Jul,2020
30-Jul,30-Jul,PAYMENT - THANK YOU / PAIEMENT - MERCI,-500,Credit card payment,Jul,2020
31-Jul,31-Jul,SVI - 143 HEARTLAKE RD 905-457-0777 ON,161.95,NA,Jul,2020
1-Aug,3-Aug,FORTINOS (WATERDOWN 20 WATERDOWN ON,55.61,Groceries,Aug,2020
3-Aug,3-Aug,PAYMENT - THANK YOU / PAIEMENT - MERCI,-338.3,Credit card payment,Aug,2020
4-Aug,5-Aug,FORTINOS (MAIN STREET) HAMILTON ON,36.19,Groceries,Aug,2020
6-Aug,7-Aug,DOORDASH*INDIAN CHINES DOWNTOWN TOROON,31.53,Food - Take out,Aug,2020
6-Aug,7-Aug,VESTA *CHATR 888-278-5588 BC,39.55,Phone,Aug,2020
7-Aug,10-Aug,PIONEER STN #19 DUNDAS ON,25,Fuel,Aug,2020
7-Aug,10-Aug,INDIAN GROCERS BURLINGTON ON,29.77,Groceries,Aug,2020
8-Aug,10-Aug,FORTINOS (MAIN STREET) HAMILTON ON,44.05,Groceries,Aug,2020
8-Aug,10-Aug,FORTINOS (MAIN STREET) HAMILTON ON,4.85,Groceries,Aug,2020
12-Aug,13-Aug,FORTINOS (MAIN STREET) HAMILTON ON,47.73,Groceries,Aug,2020
12-Aug,13-Aug,FORTINOS (MAIN STREET) HAMILTON ON,4.85,Groceries,Aug,2020
14-Aug,17-Aug,R M*WYSE 289-3190885 ON,34.58,Electricity,Aug,2020
17-Aug,18-Aug,FORTINOS (MAIN STREET) HAMILTON ON,27.47,Groceries,Aug,2020
17-Aug,17-Aug,PAYMENT - THANK YOU / PAIEMENT - MERCI,-319.13,Credit card payment,Aug,2020
19-Aug,20-Aug,FORTINOS (MAIN STREET) HAMILTON ON,47.34,Groceries,Aug,2020
20-Aug,21-Aug,COGECO CONNEXION BURLINGTON ON,92.65,Internet,Aug,2020
21-Aug,24-Aug,INDIAN GROCERS BURLINGTON ON,59.56,Groceries,Aug,2020
21-Aug,24-Aug,SHOPPERSDRUGMART1206 BURLINGTON ON,31.63,Healthcare - Pharmacy,Aug,2020
23-Aug,24-Aug,AMAZON.CA*MM2S58EU0 AMAZON.CA ON,7.24,Shopping - Amazon,Aug,2020
24-Aug,25-Aug,FORTINOS (MAIN STREET) HAMILTON ON,44.33,Groceries,Aug,2020
24-Aug,24-Aug,AMAZON.CA PRIME MEMBER AMAZON.CA/PRIBC,9.03,Shopping - Amazon,Aug,2020
26-Aug,26-Aug,SVI - 143 HEARTLAKE RD 905-457-0777 ON,161.95,NA,Aug,2020
26-Aug,27-Aug,FORTINOS (MAIN STREET) HAMILTON ON,15.93,Groceries,Aug,2020
26-Aug,27-Aug,FORTINOS (MAIN STREET) HAMILTON ON,4.85,Groceries,Aug,2020
27-Aug,28-Aug,PAYMENT - THANK YOU / PAIEMENT - MERCI,-500,Credit card payment,Aug,2020
28-Aug,28-Aug,AMZN MKTP CA*MM33Y7UT2 WWW.AMAZON.CAON,5.99,Shopping - Amazon,Aug,2020
29-Aug,31-Aug,FORTINOS (WATERDOWN 20 WATERDOWN ON,35.75,Groceries,Aug,2020
29-Aug,31-Aug,STARBUCKS 04979 WATERDOWN ON,10.62,Coffee,Aug,2020
29-Aug,31-Aug,CDN TIRE STORE #00220 WATERDOWN ON,73.53,Shopping,Aug,2020
1-Sep,2-Sep,FORTINOS (MAIN STREET) HAMILTON ON,52.49,Groceries,Sep,2020
2-Sep,3-Sep,DOORDASH*INDIAN CHINES DOWNTOWN TOROON,27.83,Food - Take out,Sep,2020
4-Sep,4-Sep,AMAZON.CA*MU2I31QI1 AMAZON.CA ON,51.05,Shopping - Amazon,Sep,2020
4-Sep,4-Sep,PAYMENT - THANK YOU / PAIEMENT - MERCI,-214.94,Credit card payment,Sep,2020
5-Sep,8-Sep,INDIAN GROCERS BURLINGTON ON,57.4,Groceries,Sep,2020
6-Sep,10-Sep,WAL-MART SUPERCENTER#1107WATERDOWN ON,11.28,Shopping,Sep,2020
7-Sep,9-Sep,STONEY CREEK GROCERS STONEY CREEK ON,54.69,NA,Sep,2020
7-Sep,8-Sep,VESTA *CHATR 888-278-5588 BC,39.55,Phone,Sep,2020
8-Sep,9-Sep,FORTINOS (MAIN STREET) HAMILTON ON,24.98,Groceries,Sep,2020
8-Sep,9-Sep,FORTINOS (MAIN STREET) HAMILTON ON,4.85,Groceries,Sep,2020
9-Sep,14-Sep,AIR CAN* 0142132321447AIRCANADA.COMMB,"3,958.15",NA,Sep,2020
9-Sep,14-Sep,AIR CAN* 0142132321448AIRCANADA.COMMB,337.48,NA,Sep,2020
12-Sep,14-Sep,PIONEER STN #19 DUNDAS ON,25,Fuel,Sep,2020
12-Sep,14-Sep,LEELA SUPERMARKET BRAMPTON ON,39.81,Groceries,Sep,2020
12-Sep,14-Sep,PAYMENT - THANK YOU / PAIEMENT - MERCI,-271.63,Credit card payment,Sep,2020
13-Sep,14-Sep,AMZN MKTP CA*MU1FT36S0 WWW.AMAZON.CAON,12.99,Shopping - Amazon,Sep,2020
13-Sep,14-Sep,AMZN MKTP CA*M47EE2ZH1 WWW.AMAZON.CAON,16.69,Shopping - Amazon,Sep,2020
13-Sep,14-Sep,AMAZON.CA*M433W7NE1 AMAZON.CA ON,6.77,Shopping - Amazon,Sep,2020
13-Sep,14-Sep,CHATR LIME RIDGE MALL HAMILTON ON,50.85,Phone,Sep,2020
13-Sep,16-Sep,WAL-MART SUPERCENTER#1107WATERDOWN ON,63.77,Shopping,Sep,2020
14-Sep,15-Sep,AMZN MKTP CA*M457N0JC1 WWW.AMAZON.CAON,38.99,Shopping - Amazon,Sep,2020
14-Sep,15-Sep,FORTINOS (MAIN STREET) HAMILTON ON,95.61,Groceries,Sep,2020
15-Sep,15-Sep,PAYMENT - THANK YOU / PAIEMENT - MERCI,"-4,447.74",Credit card payment,Sep,2020
16-Sep,17-Sep,FORTINOS (MAIN STREET) HAMILTON ON,69.6,Groceries,Sep,2020
16-Sep,17-Sep,FORTINOS (MAIN STREET) HAMILTON ON,4.85,Groceries,Sep,2020
17-Sep,21-Sep,WAL-MART SUPERCENTER#3141BURLINGTON ON,45.35,Shopping,Sep,2020
17-Sep,18-Sep,KOYA JAPAN BURLINGTON ON,12.06,NA,Sep,2020
17-Sep,18-Sep,TIM HORTONS T1 LANDSIDE MISSISSAUGA ON,4.14,Coffee,Sep,2020
17-Sep,18-Sep,PEARSON PARKING T1 TORONTO ON,24,NA,Sep,2020
18-Sep,21-Sep,TIM HORTONS #1007 BURLINGTON ON,1.98,Coffee,Sep,2020
18-Sep,21-Sep,FAMOUS WOK BURLINGTON ON,12.98,NA,Sep,2020
19-Sep,21-Sep,THE HOME DEPOT #7021 BURLINGTON ON,4.5,Shopping,Sep,2020
19-Sep,21-Sep,PAYMENT - THANK YOU / PAIEMENT - MERCI,-313,Credit card payment,Sep,2020
19-Sep,21-Sep,CDN TIRE GASBAR #01306 OAKVILLE ON,30,Shopping,Sep,2020
20-Sep,21-Sep,SVI - 143 HEARTLAKE RD 905-457-0777 ON,80.98,NA,Sep,2020
20-Sep,21-Sep,FORTINOS (UPPER MIDDLE BURLINGTON ON,3.99,Groceries,Sep,2020
20-Sep,21-Sep,COGECO CONNEXION BURLINGTON ON,96.04,Internet,Sep,2020
21-Sep,22-Sep,R M*WYSE 289-3190885 ON,34.22,Electricity,Sep,2020
22-Sep,23-Sep,DOORDASH*KWALITY FINE DOWNTOWN TOROON,18.07,Food - Take out,Sep,2020
23-Sep,24-Sep,INDIAN GROCERS BURLINGTON ON,50.8,Groceries,Sep,2020
23-Sep,24-Sep,FORTINOS (UPPER MIDDLE BURLINGTON ON,8.19,Groceries,Sep,2020
23-Sep,24-Sep,FAMILIA FINE FOODS BURLINGTON ON,14.65,NA,Sep,2020
23-Sep,24-Sep,COMFORT INN BURLINGTON ON,"1,625.43",NA,Sep,2020
24-Sep,24-Sep,AMAZON.CA PRIME MEMBER AMAZON.CA/PRIBC,9.03,Shopping - Amazon,Sep,2020
24-Sep,24-Sep,PAYMENT - THANK YOU / PAIEMENT - MERCI,-320,Credit card payment,Sep,2020
25-Sep,28-Sep,FORTINOS (UPPER MIDDLE BURLINGTON ON,11.18,Groceries,Sep,2020
25-Sep,28-Sep,FAMILIA FINE FOODS BURLINGTON ON,18.04,NA,Sep,2020
27-Sep,28-Sep,FORTINOS (UPPER MIDDLE BURLINGTON ON,18.76,Groceries,Sep,2020
27-Sep,28-Sep,PAYMENT - THANK YOU / PAIEMENT - MERCI,"-1,716.23",Credit card payment,Sep,2020
28-Sep,29-Sep,DOORDASH*M2GO BY MANDA DOWNTOWN TOROON,20.32,Food - Take out,Sep,2020
28-Sep,28-Sep,AMAZON.CA*M46KF99M2 AMAZON.CA ON,13.59,Shopping - Amazon,Sep,2020
30-Sep,1-Oct,TIM HORTONS #2908 BURLINGTON ON,3.86,Coffee,Sep,2020
30-Sep,1-Oct,FORTINOS (MAIN STREET) HAMILTON ON,32.68,Groceries,Sep,2020
30-Sep,1-Oct,FORTINOS (WATERDOWN 20 WATERDOWN ON,65.03,Groceries,Sep,2020
30-Sep,2-Oct,THE CHILDRENS PLACE MISSISSAUGA ON,46.12,Clothing,Sep,2020
30-Sep,1-Oct,PETROCAN-475 HWY 6 DUNDAS ON,25,Fuel,Sep,2020
2-Oct,5-Oct,INDIAN GROCERS BURLINGTON ON,14.35,Groceries,Oct,2020
3-Oct,5-Oct,METRO #102 DUNDAS ON,6.13,Shopping,Oct,2020
3-Oct,5-Oct,WAL-MART SUPERCENTER#1107WATERDOWN ON,54.08,Shopping,Oct,2020
5-Oct,5-Oct,VESTA *CHATR 888-278-5588 BC,11.3,Phone,Oct,2020
6-Oct,9-Oct,WAL-MART SUPERCENTER#3096HAMILTON ON,31.35,Shopping,Oct,2020
6-Oct,9-Oct,WAL-MART SUPERCENTER#3096HAMILTON ON,-22.57,Shopping,Oct,2020
6-Oct,7-Oct,ENTERPRISE CANADA C148 DUNDAS ON,153.43,NA,Oct,2020
6-Oct,7-Oct,PIONEER STN #19 DUNDAS ON,15,Fuel,Oct,2020
6-Oct,7-Oct,TOYS R US #2467 HAMILTON ON,33.28,Shopping,Oct,2020
6-Oct,7-Oct,DOORDASH*BUFFALO WILD DOWNTOWN TOROON,20.88,Food - Take out,Oct,2020
6-Oct,7-Oct,BOMBAY SPICES HAMILTON HAMILTON ON,18.43,Restaurant,Oct,2020
8-Oct,8-Oct,VESTA *CHATR 888-278-5588 BC,39.55,Phone,Oct,2020
8-Oct,13-Oct,WAL-MART SUPERCENTER#1107WATERDOWN ON,34.54,Shopping,Oct,2020
8-Oct,8-Oct,PAYMENT - THANK YOU / PAIEMENT - MERCI,-580,Credit card payment,Oct,2020
9-Oct,13-Oct,JYSK LINEN N FURNITURE BURLINGTON ON,45.19,Shopping,Oct,2020
9-Oct,13-Oct,WAL*MART CANADA INC MISSISSAUGA ON,62.14,NA,Oct,2020
10-Oct,13-Oct,FORTINOS (MAIN STREET) HAMILTON ON,110.64,Groceries,Oct,2020
10-Oct,13-Oct,FORTINOS (MAIN STREET) HAMILTON ON,4.85,Groceries,Oct,2020
10-Oct,13-Oct,THE HOME DEPOT #7021 BURLINGTON ON,106.04,Shopping,Oct,2020
11-Oct,13-Oct,WAL*MART CANADA INC MISSISSAUGA ON,53.71,NA,Oct,2020
12-Oct,13-Oct,PIONEER STN #19 DUNDAS ON,24.85,Fuel,Oct,2020
13-Oct,14-Oct,VESTA *CHATR 888-278-5588 BC,39.55,Phone,Oct,2020
13-Oct,14-Oct,FORTINOS (MAIN STREET) HAMILTON ON,22.51,Groceries,Oct,2020
13-Oct,14-Oct,NETFLIX.COM 888-8119842 CA,14.99,Entertainment,Oct,2020
13-Oct,14-Oct,OSMOW'S DUNDAS ON,29.7,NA,Oct,2020
13-Oct,14-Oct,SHOPPERS DRUG MART DUNDAS ON,11.25,Healthcare - Pharmacy,Oct,2020
13-Oct,14-Oct,CDN TIRE STORE #00027 DUNDAS ON,31.46,Shopping,Oct,2020
14-Feb,18-Feb,WAL-MART SUPERCENTER#1107WATERDOWN ON,90.8,Shopping-Walmart,Feb,2021
14-Feb,18-Feb,WAL-MART SUPERCENTER#1107WATERDOWN ON,5,Shopping-Walmart,Feb,2021
15-Feb,16-Feb,UBER * EATS PENDING AMSTERDAM BC,14.93,NA,Feb,2021
16-Feb,18-Feb,R M*WYSE 289-3190885 ON,86,Electricity,Feb,2021
18-Feb,19-Feb,FORTINOS HAMILTON ON,21.42,Groceries,Feb,2021
19-Feb,22-Feb,COPPER KETTLE CAFE WATERDOWN ON,9.9,Restaurant,Feb,2021
19-Feb,22-Feb,SUPERCUTS SALON #57022 WATERDOWN ON,34.31,Grooming,Feb,2021
20-Feb,22-Feb,COGECO CONNEXION 905-3335343 ON,96.04,Internet,Feb,2021
21-Feb,22-Feb,FORTINOS HAMILTON ON,26.96,Groceries,Feb,2021
23-Feb,24-Feb,VESTA *CHATR 888-278-5588 BC,39.55,Phone,Feb,2021
23-Feb,24-Feb,DISNEY PLUS 1 800727-1800CA,8.99,Entertainment,Feb,2021
23-Feb,24-Feb,FORTINOS HAMILTON ON,46.69,Groceries,Feb,2021
23-Feb,24-Feb,FORTINOS HAMILTON ON,20.32,Groceries,Feb,2021
23-Feb,24-Feb,KLASSIC CAR WASH HAMILTON ON,16.94,NA,Feb,2021
24-Feb,25-Feb,ROYAL EAST DENTAL CENT DUNDAS ON,300,Healthcare - Dental,Feb,2021
25-Feb,26-Feb,AMAZON.CA PRIME MEMBER AMAZON.CA/PRIBC,9.03,Shopping - Amazon,Feb,2021
26-Feb,1-Mar,AMZN MKTP CA*QC8W51QC3 WWW.AMAZON.CAON,12.85,Shopping - Amazon,Feb,2021
26-Feb,1-Mar,INDIAN GROCERS BURLINGTON ON,53.31,Groceries,Feb,2021
26-Feb,1-Mar,THE HOME DEPOT #7021 BURLINGTON ON,80.07,Shopping,Feb,2021
27-Feb,1-Mar,THE WINGERY - BURLINGT BURLINGTON ON,10.16,Restaurant,Feb,2021
27-Feb,1-Mar,FORTINOS HAMILTON ON,44.76,Groceries,Feb,2021
27-Feb,1-Mar,PETROCAN-1150 GUELPH LINEBURLINGTON ON,20,Fuel,Feb,2021
27-Feb,1-Mar,THE HOME DEPOT #7021 BURLINGTON ON,-34.79,Shopping,Feb,2021
27-Feb,1-Mar,THE HOME DEPOT #7021 BURLINGTON ON,6.76,Shopping,Feb,2021
3-Mar,4-Mar,METRO #102 DUNDAS ON,47.18,Shopping,Mar,2021
3-Mar,4-Mar,DOLLARAMA # 809 DUNDAS ON,42.66,Shopping,Mar,2021
3-Mar,4-Mar,PARKING PAY & DISPLAY HAMILTON ON,0.25,NA,Mar,2021
7-Mar,8-Mar,DOORDASH*ANJAPPAR CHET DOWNTOWN TOROON,23.04,Restaurant,Mar,2021
8-Mar,8-Mar,VESTA *CHATR 888-278-5588 BC,39.55,Phone,Mar,2021
8-Mar,8-Mar,AMZN MKTP CA*R89YR4BP3 WWW.AMAZON.CAON,18.99,Shopping - Amazon,Mar,2021
11-Mar,15-Mar,WAL*MART CANADA INC MISSISSAUGA ON,57.59,NA,Mar,2021
13-Mar,15-Mar,NETFLIX.COM VANCOVER BC,14.99,Entertainment,Mar,2021
19-Feb,22-Feb,WAL-MART SUPERCENTER#1107WATERDOWN ON,65.65,Shopping-Walmart,Feb,2021
25-Feb,25-Feb,GAP.COM 4584 800-427-7895 ON,61.01,Clothing,Feb,2021
1-Mar,1-Mar,PAYMENT - THANK YOU / PAIEMENT - MERCI,"-1,321.32",Credit card payment,Mar,2021
5-Mar,8-Mar,ROYAL EAST DENTAL CENT DUNDAS ON,307,Healthcare - Dental,Mar,2021
6-Mar,8-Mar,FORTINO'S (PLAINS ROAD BURLINGTON ON,64.09,NA,Mar,2021
6-Mar,8-Mar,BEST BUY #942 BURLINGTON ON,90.39,Shopping,Mar,2021
7-Mar,9-Mar,RAMA GROCERS INC MISSISSAUGA ON,46.87,Groceries,Mar,2021
13-Jan,15-Jan,INDIAN GROCERS BURLINGTON ON,101.8,Groceries,Jan,2021
15-Jan,18-Jan,WWW.IKEA.CA BURLINGTON ON,74.54,Shopping,Jan,2021
15-Jan,18-Jan,PAYMENT - THANK YOU / PAIEMENT - MERCI,-476.5,Credit card payment,Jan,2021
16-Jan,18-Jan,FORTINO'S (PLAINS ROAD BURLINGTON ON,50.56,NA,Jan,2021
16-Jan,18-Jan,TIM HORTONS #38 DUNDAS ON,5.99,Coffee,Jan,2021
19-Jan,19-Jan,VESTA *CHATR 888-278-5588 BC,39.55,Phone,Jan,2021
20-Jan,20-Jan,DOORDASH*SMOKES POUTIN DOWNTOWN TOROON,25.69,Restaurant,Jan,2021
20-Jan,21-Jan,FORTINOS HAMILTON ON,51.1,Groceries,Jan,2021
20-Jan,21-Jan,COGECO CONNEXION 905-3335343 ON,96.04,Internet,Jan,2021
21-Jan,22-Jan,WAL*MART CANADA INC MISSISSAUGA ON,39.87,NA,Jan,2021
22-Jan,25-Jan,INDIAN GROCERS BURLINGTON ON,27.12,Groceries,Jan,2021
23-Jan,25-Jan,DISNEY PLUS 1 800727-1800CA,8.99,Entertainment,Jan,2021
24-Jan,27-Jan,WAL-MART SUPERCENTER#1107WATERDOWN ON,79.84,Shopping-Walmart,Jan,2021
26-Jan,28-Jan,WAL*MART CANADA INC MISSISSAUGA ON,10.07,NA,Jan,2021
29-Jan,1-Feb,WWW.COWANGROUP.CA CAMBRIDGE CENON,215.46,NA,Jan,2021
29-Jan,1-Feb,WAL-MART SUPERCENTER#1107WATERDOWN ON,78.19,Shopping-Walmart,Jan,2021
30-Jan,1-Feb,POPEYES 13248 HAMILTON ON,10.16,NA,Jan,2021
30-Jan,1-Feb,ROYAL EAST DENTAL CENT DUNDAS ON,34,Healthcare - Dental,Jan,2021
31-Jan,2-Feb,PIZZA PIZZA # 160 DUNDAS ON,22.25,Restaurant,Jan,2021
1-Feb,1-Feb,ANNUAL FEE,39,Banking fee,Feb,2021
1-Feb,1-Feb,ANNUAL REBATE FEE,-39,Banking fee,Feb,2021
2-Feb,3-Feb,HUSKY DUNDAS EAST WATERDOWN ON,30,Fuel,Feb,2021
3-Feb,4-Feb,STARBUCKS 04979 WATERDOWN ON,5.93,Coffee,Feb,2021
4-Feb,5-Feb,POPEYES 13248 HAMILTON ON,5.63,NA,Feb,2021
4-Feb,8-Feb,WAL-MART SUPERCENTER#1107WATERDOWN ON,61.88,Shopping-Walmart,Feb,2021
4-Feb,5-Feb,SHOPPERS DRUG MART #1054 WATERDOWN ON,11.29,Healthcare - Pharmacy,Feb,2021
5-Feb,8-Feb,SHOPPERSDRUGMART1056 DUNDAS ON,7.49,Healthcare - Pharmacy,Feb,2021
5-Feb,8-Feb,THIRSTY CACTUS CANTINA DUNDAS ON,48.3,NA,Feb,2021
7-Feb,8-Feb,FORTINOS HAMILTON ON,52.78,Groceries,Feb,2021
8-Feb,8-Feb,VESTA *CHATR 888-278-5588 BC,39.55,Phone,Feb,2021
10-Feb,11-Feb,DOORDASH*ROYAL SPICE DOWNTOWN TOROON,21.81,Restaurant,Feb,2021
12-Feb,12-Feb,AMZN MKTP CA*RS0JX32I3 WWW.AMAZON.CAON,41.23,Shopping - Amazon,Feb,2021
13-Feb,15-Feb,NETFLIX.COM 866-716-0414 ON,14.99,Entertainment,Feb,2021
28-Jan,29-Jan,WWW.CANADIANTIRE.CA 8667467287 ON,23.48,Shopping,Jan,2021
30-Jan,1-Feb,DOLLARAMA # 598 WATERDOWN ON,17.52,Shopping,Jan,2021
31-Jan,1-Feb,PAYMENT - THANK YOU / PAIEMENT - MERCI,-634.64,Credit card payment,Jan,2021
2-Feb,3-Feb,FORTINOS (WATERDOWN 20 WATERDOWN ON,52.6,Groceries,Feb,2021
2-Feb,3-Feb,DOLLARAMA # 598 WATERDOWN ON,16.1,Shopping,Feb,2021
3-Feb,4-Feb,WWW.CANADIANTIRE.CA 8667467287 ON,12.42,Shopping,Feb,2021
6-Feb,8-Feb,PAYMENT - THANK YOU / PAIEMENT - MERCI,-494.63,Credit card payment,Feb,2021
16-Dec,16-Dec,VESTA *CHATR 888-278-5588 BC,39.55,Phone,Dec,2020
17-Dec,17-Dec,DOORDASH*ROYAL SPICE DOWNTOWN TOROON,34.33,Restaurant,Dec,2020
19-Dec,22-Dec,WAL-MART SUPERCENTER#1107WATERDOWN ON,138.68,Shopping-Walmart,Dec,2020
20-Dec,21-Dec,FORTINOS (UPPER MIDDLE BURLINGTON ON,37.39,Groceries,Dec,2020
20-Dec,21-Dec,INDIAN GROCERS BURLINGTON ON,34.01,Groceries,Dec,2020
20-Dec,21-Dec,COGECO CONNEXION 905-3335343 ON,96.04,Internet,Dec,2020
21-Dec,22-Dec,R M*WYSE 289-3190885 ON,43.34,Electricity,Dec,2020
23-Dec,24-Dec,DISNEY PLUS 1 800727-1800CA,8.99,Entertainment,Dec,2020
28-Dec,29-Dec,PAYBACK WITH POINTS/PAYEZ AVEC VOS POINTS,-100,NA,Dec,2020
28-Dec,29-Dec,PAYMENT - THANK YOU / PAIEMENT - MERCI,-697,Credit card payment,Dec,2020
2-Jan,5-Jan,WAL-MART SUPERCENTER#1107WATERDOWN ON,52.47,Shopping-Walmart,Jan,2021
2-Jan,4-Jan,WAL*MART CANADA INC MISSISSAUGA ON,39.63,NA,Jan,2021
5-Jan,6-Jan,FORTINOS (WATERDOWN 20 WATERDOWN ON,17.97,Groceries,Jan,2021
6-Jan,7-Jan,AMAZON.CA*ZT9HX8V73 AMAZON.CA ON,46.3,Shopping - Amazon,Jan,2021
6-Jan,11-Jan,WAL-MART SUPERCENTER#1107WATERDOWN ON,36.31,Shopping-Walmart,Jan,2021
6-Jan,7-Jan,PHO NAM THANH - VIET-THAIDUNDAS ON,32.23,NA,Jan,2021
5-May,NA,WAL*MART CANADA INC Mississauga ,56.94,Other,May,2021
4-May,NA,FORTINOS (WATERDOWN 20 WATERDOWN,62.22,Groceries,May,2021
1-May,NA,PETROCAN DUNDAS ON,30,Gas,May,2021
1-May,NA,DUNDAS LIBRARY DUNDAS ON,10,Other,May,2021
28-Apr,NA,FORTINOS HAMILTON ON,9.7,Groceries,Apr,2021
28-Apr,NA,FORTINOS HAMILTON ON,21.15,Groceries,Apr,2021
25-Apr,NA,FORTINOS HAMILTON ON,11.98,Groceries,Apr,2021
25-Apr,NA,FORTINOS HAMILTON ON,67.02,Groceries,Apr,2021
24-Apr,NA,WAL-MART #1107 WATERDOWN ON,26.42,Groceries,Apr,2021
24-Apr,NA,DYMENTS FARM DUNDAS ON,9.99,Groceries,Apr,2021
24-Apr,NA,DYMENTS FARM DUNDAS ON,28.97,Groceries,Apr,2021
5-Jun,NA,JOURNEYS.CA MISSISSAUGA ON,56.49,Other,Jun,2021
5-Jun,NA,Amazon.ca*2X11N2Z00 AMAZON.CA ON,16.07,Other,Jun,2021
5-Jun,NA,CHRISTIE LAKE CONSERVA ANCASTER ,20.5,Other,Jun,2021
5-Jun,NA,METRO #102 DUNDAS ON,43.81,Groceries,Jun,2021
5-Jun,NA,CASH & CARRY #254 BRANTFORD ON,49.56,Groceries,Jun,2021
2-Jun,NA,FORTINOS HAMILTON ON,36.33,Groceries,Jun,2021
1-Jun,NA,PARKING PAY & DISPLAY HAMILTON O,0.4,Unknown,Jun,2021
1-Jun,NA,PIONEER STN #19 DUNDAS ON,30,Gas,Jun,2021
1-Jun,NA,WAL-MART #1107 WATERDOWN ON,26.26,Groceries,Jun,2021
31-May,NA,PAYMENT - THANK YOU,-986.26,Unknown,May,2021
31-May,NA,PIZZA NOVA 340 HAMILTON ON,23.28,Restaurant,May,2021
30-May,NA,FORTINOS HAMILTON ON,42.21,Groceries,May,2021
29-May,NA,GURU LUKSHMI MISSISSAUGA AB,50.03,Restaurant,May,2021
29-May,NA,TIM HORTONS #2290 MISSISSAUGA ON,1.88,Restaurant,May,2021
29-May,NA,DUNDAS FRUITS & VEGETA MISSISSAU,67,Groceries,May,2021
28-May,NA,OLDNAVY.COM 2944 505-462-0076 ON,47.92,Other,May,2021
27-May,NA,OLDNAVY.COM 2944 505-462-0076 ON,73.21,Other,May,2021
26-May,NA,AMZN Mktp CA*2R8EF60U2 WWW.AMAZO,33.17,Other,May,2021
26-May,NA,FORTINOS HAMILTON ON,60.81,Groceries,May,2021
25-May,NA,AMZN Mktp CA*2R6271PA0 WWW.AMAZO,75.9,Other,May,2021
25-May,NA,SOFTMOC 8464 WHITBY ON,90.39,Other,May,2021
23-May,NA,FORTINOS HAMILTON ON,26.44,Groceries,May,2021
22-May,NA,PAYMENT - THANK YOU,-814.28,Unknown,May,2021
22-May,NA,WAL-MART #1107 WATERDOWN ON,14.95,Groceries,May,2021
22-May,NA,WAL-MART #1107 WATERDOWN ON,375,Groceries,May,2021
22-May,NA,PETROCAN DUNDAS ON,25,Gas,May,2021
22-May,NA,BASKIN ROBBINS - # 335 HAMILTON ,10.15,Restaurant,May,2021
22-May,NA,ROYAL SPICE HAMILTON ON,31.33,Restaurant,May,2021
22-May,NA,HONK MOBILE TORONTO ON,5.35,Parking,May,2021
21-May,NA,BOMBAY SPICES HAMILTON HAMILTON ,61,Groceries,May,2021
21-May,NA,OLDNAVY.COM 2944 505-462-0076 ON,11.76,Other,May,2021
21-May,NA,AMZN Mktp CA*2R5XY34A0 WWW.AMAZO,18.99,Other,May,2021
20-May,NA,WAL-MART #1107 WATERDOWN ON,55.64,Groceries,May,2021
19-May,NA,AMZN Mktp CA*2R16J81L1 WWW.AMAZO,12.29,Other,May,2021
18-May,NA,OLDNAVY.COM 2944 505-462-0076 ON,43.49,Other,May,2021
18-May,NA,TIM HORTONS #38 DUNDAS ON,1.62,Restaurant,May,2021
18-May,NA,DUNDAS OPTOMETRY CLINI DUNDAS ON,139,Other,May,2021
18-May,NA,PARKING PAY & DISPLAY HAMILTON O,2.15,Other,May,2021
17-May,NA,WF/WAYFAIR3336261095 VANCOUVER B,395.49,Furniture,May,2021
17-May,NA,FORTINOS HAMILTON ON,56.58,Groceries,May,2021
16-May,NA,PAYMENT - THANK YOU,-206.95,Unknown,May,2021
16-May,NA,RentMoola Service Fee 888-665887,0.71,Unknown,May,2021
16-May,NA,NBX*SUBMETERING CONCORD ON,42.07,Bill Payment,May,2021
15-May,NA,AMZN Mktp CA*2L09L68M2 WWW.AMAZO,26.99,Other,May,2021
15-May,NA,VALENS GATE CAMBRIDGE ON,15.5,Other,May,2021
14-May,NA,FORTINOS (WATERDOWN 20 WATERDOWN,47.64,Groceries,May,2021
12-May,NA,FORTINOS HAMILTON ON,22.23,Groceries,May,2021
9-May,NA,FORTINOS HAMILTON ON,66.22,Groceries,May,2021
8-May,NA,TIM HORTONS #38 DUNDAS ON,2.71,Restaurant,May,2021
8-May,NA,AMZN Mktp CA*2L6UG8TQ0 WWW.AMAZO,55.71,Other,May,2021
8-May,NA,AMZN Mktp CA*2L4FP6TN0 WWW.AMAZO,25.37,Other,May,2021
7-May,NA,PAYMENT - THANK YOU,-334.39,Unknown,May,2021
7-May,NA,JOYA SUSHI HAMILTON ON,34.71,Restaurant,May,2021
5-Jul,NA,OLDNAVY.COM 2944 505-462-0076 ON,-34.05,Other,Jul,2021
5-Jul,NA,SQ *ALI'S BARBER SHOP Cambridge ,27.12,Other,Jul,2021
5-Jul,NA,PARKING PAY & DISPLAY HAMILTON O,2.15,Other,Jul,2021
5-Jul,NA,SHOPPERS DRUG MART # 1 DUNDAS ON,2.02,Other,Jul,2021
5-Jul,NA,PIONEER STN #19 DUNDAS ON,35,Gas,Jul,2021
5-Jul,NA,FORTINOS HAMILTON ON,20.96,Groceries,Jul,2021
4-Jul,NA,OLD NAVY CANADA 5458 BURLINGTON ,47.46,Other,Jul,2021
4-Jul,NA,HOMESENSE 006 BURLINGTON ON,45.19,Other,Jul,2021
4-Jul,NA,HOMESENSE 006 BURLINGTON ON,30.51,Other,Jul,2021
4-Jul,NA,KERNELS BURLINGTON ON,8.46,Restaurant,Jul,2021
3-Jul,NA,PAYMENT - THANK YOU,-633.47,Unknown,Jul,2021
3-Jul,NA,SQ *GALLO ICE CREAM RE Burlingto,4.95,Restaurant,Jul,2021
3-Jul,NA,PHO NAM THANH - VIET-T DUNDAS ON,34.73,Restaurant,Jul,2021
3-Jul,NA,I HEART BOBA DUNDAS ON,5.7,Restaurant,Jul,2021
3-Jul,NA,FORTINOS (WATERDOWN 20 WATERDOWN,74.98,Groceries,Jul,2021
2-Jul,NA,AMZN Mktp CA*299WI63K0 WWW.AMAZO,56.29,Other,Jul,2021
1-Jul,NA,LINDLEY FARMS ANCASTER ON,18.09,Other,Jul,2021
30-Jun,NA,WAL-MART #1107 WATERDOWN ON,24.66,Groceries,Jun,2021
30-Jun,NA,VESTA *CHATR 888-278-5588 BC,39.55,Other,Jun,2021
27-Jun,NA,IKEA BURLINGTON BURLINGTON ON,16.36,Furniture,Jun,2021
27-Jun,NA,IKEA BURLINGTON BURLINGTON ON,34.43,Furniture,Jun,2021
26-Jun,NA,TIM HORTONS #38 DUNDAS ON,2.93,Restaurant,Jun,2021
26-Jun,NA,THE EVEREST GRILL BRANTFORD ON,38.96,Restaurant,Jun,2021
26-Jun,NA,BRANTFORD TWIN VALLEY BRANTFORD ,50.5,Entertainment,Jun,2021
26-Jun,NA,PIONEER STN #5 BRANTFORD ON,25,Gas,Jun,2021
25-Jun,NA,FORTINOS HAMILTON ON,68.25,Groceries,Jun,2021
22-Jun,NA,PARKING PAY & DISPLAY HAMILTON O,2.15,Other,Jun,2021
22-Jun,NA,IKEA BURLINGTON BURLINGTON ON,62.59,Furniture,Jun,2021
22-Jun,NA,FORTINO'S (PLAINS ROAD BURLINGTO,19.94,Groceries,Jun,2021
20-Jun,NA,PAYMENT - THANK YOU,-436.51,Unknown,Jun,2021
19-Jun,NA,NIAGARA PARKS COMMISSI NIAGARA F,28,Parking,Jun,2021
19-Jun,NA,TABLE ROCK HOUSE RESTA NIAGARA F,74.73,Restaurant,Jun,2021
19-Jun,NA,FORTINOS HAMILTON ON,11.71,Groceries,Jun,2021
18-Jun,NA,INDIAN GROCERS BURLINGTON ON,83.99,Groceries,Jun,2021
16-Jun,NA,WAL-MART #1107 WATERDOWN ON,103.03,Groceries,Jun,2021
16-Jun,NA,POPEYES 13248 HAMILTON ON,11.7,Restaurant,Jun,2021
14-Jun,NA,OLDNAVY.COM 2944 505-462-0076 ON,42.91,Other,Jun,2021
14-Jun,NA,PIONEER STN #19 DUNDAS ON,30,Gas,Jun,2021
14-Jun,NA,WAL-MART #1107 WATERDOWN ON,75.51,Groceries,Jun,2021
13-Jun,NA,TIM HORTONS #38 DUNDAS ON,9.14,Restaurant,Jun,2021
13-Jun,NA,SAFARI OUTFITTERS INC. CAMBRIDGE,35.01,Restaurant,Jun,2021
13-Jun,NA,KOHO FOOD SERVICES LTD CAMBRIDGE,11.57,Restaurant,Jun,2021
13-Jun,NA,AFRICAN LION SAFARI 519-6232620 ,73.33,Entertainment,Jun,2021
12-Jun,NA,SOFTMOC 8464 WHITBY ON,-90.39,Other,Jun,2021
11-Jun,NA,SHOPPERSDRUGMART1056 DUNDAS ON,11.62,Drug Store,Jun,2021
10-Jun,NA,ROYAL SPICE HAMILTON ON,37,Restaurant,Jun,2021
9-Jun,NA,PAYMENT - THANK YOU,-463.82,Unknown,Jun,2021
9-Jun,NA,GRINDSTONE PROPERTIES WATERDOWN ,3,Parking,Jun,2021
8-Jun,NA,WAL-MART #1107 WATERDOWN ON,83.08,Groceries,Jun,2021
5-Aug,NA,RIPLEYSAQUARIUM 647-351-3474 ON,97.18,Entertainment,Aug,2021
4-Aug,NA,FORTINOS HAMILTON ON,41.51,Groceries,Aug,2021
3-Aug,NA,PAYMENT - THANK YOU,-802.58,Unknown,Aug,2021
3-Aug,NA,AMZN Mktp CA*2P1D50QG1 WWW.AMAZO,36.15,Other,Aug,2021
2-Aug,NA,PARKING AUTH OF TOR 34 TORONTO O,15,Other,Aug,2021
2-Aug,NA,SZECHUAN EXPRESS TORONTO ON,14.63,Restaurant,Aug,2021
2-Aug,NA,R.C PURDYS CHOCOLATE S TORONTO O,9.61,Other,Aug,2021
2-Aug,NA,Amazon.ca*2P7UP3LX2 AMAZON.CA ON,52.48,Other,Aug,2021
31-Jul,NA,NBX*GOLDFISH BURLINGTO BURLINGTO,157.07,Other,Jul,2021
31-Jul,NA,TIM HORTONS #0390 KITCHENER ON,5.18,Restaurant,Jul,2021
31-Jul,NA,SHELL C02862 BURLINGTON ON,30,Gas,Jul,2021
31-Jul,NA,FAMILIA FINE FOODS BURLINGTON ON,39.82,Other,Jul,2021
31-Jul,NA,FORTINOS HAMILTON ON,16.14,Groceries,Jul,2021
30-Jul,NA,FORTINOS HAMILTON ON,43.24,Groceries,Jul,2021
28-Jul,NA,AIR- SERV V PS607848 DUNDAS ON,2.5,Gas,Jul,2021
28-Jul,NA,AIR- SERV V PS607848 DUNDAS ON,2.5,Gas,Jul,2021
28-Jul,NA,VESTA *CHATR 888-278-5588 BC,39.55,Other,Jul,2021
27-Jul,NA,WAL-MART #1107 WATERDOWN ON,87.94,Groceries,Jul,2021
26-Jul,NA,AMZN Mktp CA*2P3ME1Z41 WWW.AMAZO,23.71,Other,Jul,2021
26-Jul,NA,NETFLIX.COM 844-5052993 BC,16.94,Other,Jul,2021
25-Jul,NA,PAYMENT - THANK YOU,-576.09,Unknown,Jul,2021
25-Jul,NA,AMZN Mktp CA*2P60Y9421 WWW.AMAZO,20.99,Other,Jul,2021
25-Jul,NA,AMZN Mktp CA*2E9L617C0 WWW.AMAZO,2.92,Other,Jul,2021
24-Jul,NA,ANJAPPAR CHETTINAD RES MISSISSAU,48.86,Restaurant,Jul,2021
24-Jul,NA,BASKIN ROBBINS #35733 BRAMPTON O,9.7,Restaurant,Jul,2021
24-Jul,NA,PLAYTIME TOYS BRAMPTON ON,19.2,Other,Jul,2021
24-Jul,NA,FRESH FRUIT JUICE & BU BRAMPTON ,6.77,Restaurant,Jul,2021
24-Jul,NA,OM INDIA FOOD CENTRE BRAMPTON ON,86.97,Groceries,Jul,2021
24-Jul,NA,PIONEER STN #19 DUNDAS ON,20,Gas,Jul,2021
23-Jul,NA,FORTINOS HAMILTON ON,70.1,Groceries,Jul,2021
21-Jul,NA,PARKING PAY & DISPLAY HAMILTON O,0.4,Unknown,Jul,2021
21-Jul,NA,CARTERS/OSHKOSH ECOMM MISSISSAUG,29.93,Other,Jul,2021
20-Jul,NA,COGECO CONNEXION BURLINGTON ON,94.91,Other,Jul,2021
18-Jul,NA,WAL-MART #1107 WATERDOWN ON,24.9,Groceries,Jul,2021
18-Jul,NA,POPEYES 13248 HAMILTON ON,12.42,Restaurant,Jul,2021
16-Jul,NA,FORTINOS HAMILTON ON,33.98,Groceries,Jul,2021
14-Jul,NA,FORTINOS HAMILTON ON,88.29,Groceries,Jul,2021
13-Jul,NA,MTO RUS - SO DUNDAS DUNDAS ON,240,Other,Jul,2021
13-Jul,NA,PAYMENT - THANK YOU,-783.33,Unknown,Jul,2021
11-Jul,NA,FORTINOS HAMILTON ON,68.99,Groceries,Jul,2021
11-Jul,NA,PETSMART INC. 0919 ANCASTER ON,51.26,Other,Jul,2021
10-Jul,NA,AQUARIUM SERVICES AND HAMILTON O,231.9,Other,Jul,2021
10-Jul,NA,TIM HORTONS #38 DUNDAS ON,7.89,Restaurant,Jul,2021
10-Jul,NA,ROYAL BOTANICAL GARDEN BURLINGTO,39,Entertainment,Jul,2021
10-Jul,NA,ROYAL BOTANICAL GARDEN BURLINGTO,5,Entertainment,Jul,2021
8-Jul,NA,WAL-MART #1107 WATERDOWN ON,74.74,Groceries,Jul,2021
8-Jul,NA,PIZZAVILLE 126 WATERDOWN ON,25.97,Restaurant,Jul,2021
5-Sep,NA,RUBY TUESDAYS NIAGARA FALLS ON,57.14,Restaurant,Sep,2021
5-Sep,NA,DINOSAUR ADVENTURE GOL NIAGARA F,32.74,Other,Sep,2021
5-Sep,NA,NIAGARA SKYWHEEL NIAGARA FALLS O,31.64,Entertainment,Sep,2021
5-Sep,NA,CLIFTON HILL PARKING NIAGARA FAL,25,Entertainment,Sep,2021
5-Sep,NA,TIM HORTONS #8478 NIAGARA FALLS ,1.88,Restaurant,Sep,2021
5-Sep,NA,DOWNHILL ICE CREAM NIAGARA FALLS,3.98,Other,Sep,2021
4-Sep,NA,LONGO'S # 3 BURLINGTON ON,66.55,Groceries,Sep,2021
4-Sep,NA,DOLLARAMA # 696 BURLINGTON ON,9.99,Other,Sep,2021
2-Sep,NA,PAYMENT - THANK YOU,-540.14,Unknown,Sep,2021
1-Sep,NA,CDN TIRE STORE #00220 WATERDOWN ,104.23,Home Improvement,Sep,2021
1-Sep,NA,NBX*GOLDFISH BURLINGTO BURLINGTO,96.62,Bill Payment,Sep,2021
1-Sep,NA,SHOPPERS DRUG MART #10 WATERDOWN,1.21,Drug Store,Sep,2021
1-Sep,NA,DOLLARAMA # 598 WATERDOWN ON,11.92,Other,Sep,2021
31-Aug,NA,AMZN Mktp CA*257G04FU2 WWW.AMAZO,25.07,Other,Aug,2021
31-Aug,NA,FORTINOS HAMILTON ON,54.18,Groceries,Aug,2021
29-Aug,NA,DYMENTS FARM DUNDAS ON,8,Groceries,Aug,2021
29-Aug,NA,SQ *THE TINY SHOP BAKE Hamilton ,10.17,Entertainment,Aug,2021
29-Aug,NA,SQ *THE TINY SHOP BAKE Hamilton ,29.99,Entertainment,Aug,2021
28-Aug,NA,JOYA SUSHI HAMILTON ON,61.27,Restaurant,Aug,2021
28-Aug,NA,VESTA *CHATR 888-278-5588 BC,39.55,Other,Aug,2021
28-Aug,NA,HONK MOBILE TORONTO ON,2.85,Parking,Aug,2021
27-Aug,NA,COPPER KETTLE CAFE WATERDOWN ON,11,Restaurant,Aug,2021
27-Aug,NA,FORTINOS (WATERDOWN 20 WATERDOWN,20.56,Groceries,Aug,2021
26-Aug,NA,PIONEER STN #19 DUNDAS ON,35,Gas,Aug,2021
26-Aug,NA,FORTINOS HAMILTON ON,39.9,Groceries,Aug,2021
26-Aug,NA,NETFLIX.COM 866-716-0414 ON,16.94,Bill Payment,Aug,2021
24-Aug,NA,MOVERS ONTARIO KITCHENER ON,129,Other,Aug,2021
24-Aug,NA,FORTINOS HAMILTON ON,24.16,Groceries,Aug,2021
24-Aug,NA,PAYMENT - THANK YOU,-665.4,Unknown,Aug,2021
23-Aug,NA,AMZN Mktp US*2D5NH0UH0 Amzn.com/,46.04,Other,Aug,2021
22-Aug,NA,WAL-MART # 3096 HAMILTON ON,29.57,Groceries,Aug,2021
22-Aug,NA,TIM HORTONS #3686 HAMILTON ON,2.93,Restaurant,Aug,2021
21-Aug,NA,INDIGO 977 BURLINGTON ON,15.74,Other,Aug,2021
21-Aug,NA,KERNELS BURLINGTON ON,8.46,Restaurant,Aug,2021
21-Aug,NA,WINNERS 386 BURLINGTON ON,28.47,Other,Aug,2021
21-Aug,NA,INDIAN GROCERS BURLINGTON ON,70,Groceries,Aug,2021
20-Aug,NA,COGECO CONNEXION BURLINGTON ON,94.91,Bill Payment,Aug,2021
19-Aug,NA,WAL-MART #1107 WATERDOWN ON,22.04,Groceries,Aug,2021
19-Aug,NA,PIZZAVILLE 126 WATERDOWN ON,28.1,Restaurant,Aug,2021
17-Aug,NA,METRO #102 DUNDAS ON,54.8,Groceries,Aug,2021
15-Aug,NA,TIM HORTONS #1351 NIAGARA FALLS ,2.93,Restaurant,Aug,2021
15-Aug,NA,NIAGARA PARKS COMMISSI NIAGARA F,20,Parking,Aug,2021
15-Aug,NA,TABLE ROCK COMPLEX - Q NIAGARA F,5.65,Restaurant,Aug,2021
15-Aug,NA,ZEST MART NIAGARA FALLS ON,30,Gas,Aug,2021
15-Aug,NA,BIRD KINGDOM NIAGARA F NIAGARA F,6,Parking,Aug,2021
15-Aug,NA,FLASH MANIA NIAGARA FALLS ON,15,Other,Aug,2021
15-Aug,NA,BIRD KINGDOM 905-3568888 ON,38.31,Entertainment,Aug,2021
14-Aug,NA,AMZN Mktp CA*2P1GR1I42 WWW.AMAZO,18.07,Other,Aug,2021
14-Aug,NA,AMZN Mktp CA*2P9085UA2 WWW.AMAZO,25.98,Other,Aug,2021
13-Aug,NA,PAYMENT - THANK YOU,-442.22,Unknown,Aug,2021
13-Aug,NA,ARBY'S LIMERIDGE MALL HAMILTON O,6.2,Restaurant,Aug,2021
13-Aug,NA,OLD NAVY CANADA 5451 HAMILTON ON,14.69,Other,Aug,2021
13-Aug,NA,LINDT & SPRUNGLI - LIM HAMILTON ,13.56,Other,Aug,2021
13-Aug,NA,POM POMS CHILDREN'S SA HAMILTON ,33.36,Other,Aug,2021
13-Aug,NA,UMI SUSHI EXPRESS HAMILTON ON,13.55,Restaurant,Aug,2021
13-Aug,NA,MINISO-ON-LIME RIDGE HAMILTON ON,18.29,Other,Aug,2021
12-Aug,NA,METRO #102 DUNDAS ON,35.25,Groceries,Aug,2021
11-Aug,NA,TIM HORTONS #38 DUNDAS ON,2.93,Restaurant,Aug,2021
9-Aug,NA,FORTINOS HAMILTON ON,22.87,Groceries,Aug,2021
9-Aug,NA,VESTA *CHATR 888-278-5588 BC,39.55,Other,Aug,2021
9-Aug,NA,YUKIGUNI IZAKAYA HAMILTON ON,26.11,Restaurant,Aug,2021
7-Aug,NA,WAGNERS CORNERS WATERLOO ON,30,Gas,Aug,2021
7-Aug,NA,PROMEX KITCHENER ON,5,Other,Aug,2021
7-Aug,NA,CLEMENT POULTRY AND OR NEWCASTLE,10,Other,Aug,2021
7-Aug,NA,SQ *100 MILE PRODUCE Belgrave ON,5,Other,Aug,2021
7-Aug,NA,SQ *THORNE FARMS StWilliams ON,4,Other,Aug,2021
6-Aug,NA,TIM HORTONS #38 DUNDAS ON,4.83,Restaurant,Aug,2021
6-Aug,NA,MATHA ROTI TORONTO ON,37.85,Restaurant,Aug,2021
6-Aug,NA,IMPARK TORONTO - LOT 5 TORONTO O,15,Parking,Aug,2021
6-Aug,NA,PIONEER STN #19 DUNDAS ON,25,Gas,Aug,2021
6-Oct,NA,INDIAN & CHINESE HAKKA HAMILTON ,24.74,Restaurant,Oct,2021
6-Oct,NA,AMZN Mktp CA*2C4OB87L2 WWW.AMAZO,31.06,Other,Oct,2021
4-Oct,NA,OLDNAVY.COM 2944 505-462-0076 ON,74.7,Other,Oct,2021
4-Oct,NA,BUFFALO WILD WINGS 046 ANCASTER ,20.78,Restaurant,Oct,2021
4-Oct,NA,MARSHALLS 759 ANCASTER ON,123.14,Other,Oct,2021
4-Oct,NA,PETSMART INC. 0919 ANCASTER ON,9.03,Other,Oct,2021
3-Oct,NA,FORTINOS HAMILTON ON,60.21,Groceries,Oct,2021
2-Oct,NA,THE HOME DEPOT #7021 BURLINGTON ,84.94,Home Improvement,Oct,2021
2-Oct,NA,A&W #4345 BURLINGTON ON,18.27,Restaurant,Oct,2021
2-Oct,NA,REFUEL JUICERY BURLING BURLINGTO,7.35,Restaurant,Oct,2021
1-Oct,NA,PAYMENT - THANK YOU,-656.35,Unknown,Oct,2021
1-Oct,NA,NBX*GOLDFISH BURLINGTO BURLINGTO,32.21,Bill Payment,Oct,2021
30-Sep,NA,VESTA *CHATR 888-278-5588 BC,39.55,Other,Sep,2021
29-Sep,NA,JOSEPH BARBER SHOP DUNDAS ON,28.75,Other,Sep,2021
29-Sep,NA,METRO #102 DUNDAS ON,26.34,Groceries,Sep,2021
27-Sep,NA,FORTINOS HAMILTON ON,59.59,Groceries,Sep,2021
26-Sep,NA,NETFLIX.COM 866-716-0414 ON,16.94,Bill Payment,Sep,2021
25-Sep,NA,KFC MAPLEVIEW CENTRE BURLINGTON ,10.72,Restaurant,Sep,2021
25-Sep,NA,RUBY THAI BURLINGTON ON,15.81,Restaurant,Sep,2021
25-Sep,NA,THE DANISH PASTRY HOUS BURLINGTO,8.22,Groceries,Sep,2021
23-Sep,NA,PIONEER STN #19 DUNDAS ON,25,Gas,Sep,2021
23-Sep,NA,FORTINOS HAMILTON ON,78.56,Groceries,Sep,2021
23-Sep,NA,AMZN Mktp CA*2C8A02ZL1 WWW.AMAZO,23.69,Other,Sep,2021
21-Sep,NA,WAL-MART #1107 WATERDOWN ON,109.2,Groceries,Sep,2021
20-Sep,NA,COGECO CONNEXION BURLINGTON ON,94.91,Bill Payment,Sep,2021
20-Sep,NA,EPAYMENTS@BURLINGTON.C BURLINGTO,63,Other,Sep,2021
18-Sep,NA,PAYMENT - THANK YOU,-901.16,Unknown,Sep,2021
18-Sep,NA,CAMPBELL AMUSEMENTS BRANTFORD ON,12,Entertainment,Sep,2021
18-Sep,NA,CAMPBELL AMUSEMENTS BRANTFORD ON,6,Entertainment,Sep,2021
18-Sep,NA,RentMoola Service Fee 888-665887,0.43,Unknown,Sep,2021
18-Sep,NA,NBX*WYSE METER SOLUTIO CONCORD O,25.68,Bill Payment,Sep,2021
17-Sep,NA,FORTINOS HAMILTON ON,84.84,Groceries,Sep,2021
17-Sep,NA,SP* SHOWPASS TICKETS-R CALGARY A,21.76,Entertainment,Sep,2021
14-Sep,NA,FORTINOS (WATERDOWN 20 WATERDOWN,32.73,Groceries,Sep,2021
13-Sep,NA,AMZN Mktp CA*2506Z2I42 WWW.AMAZO,16.64,Other,Sep,2021
13-Sep,NA,TIM HORTONS #0200 DUNDAS ON,2.93,Restaurant,Sep,2021
13-Sep,NA,WAL-MART #1107 WATERDOWN ON,64.79,Groceries,Sep,2021
12-Sep,NA,AMZN Mktp CA*258O25UY2 WWW.AMAZO,16.99,Other,Sep,2021
12-Sep,NA,RentMoola Service Fee 888-665887,0.08,Unknown,Sep,2021
12-Sep,NA,NBX*WYSE METER SOLUTIO CONCORD O,5,Bill Payment,Sep,2021
11-Sep,NA,PRINCE OF INDIA BURLINGTON ON,56.64,Restaurant,Sep,2021
11-Sep,NA,SWADESH SUPERMARKET STONEY CREEK,80.99,Groceries,Sep,2021
10-Sep,NA,IKEA BURLINGTON BURLINGTON ON,20.87,Furniture,Sep,2021
10-Sep,NA,IKEA BURLINGTON BURLINGTON ON,32.92,Furniture,Sep,2021
9-Sep,NA,VESTA *CHATR 888-278-5588 BC,39.55,Other,Sep,2021
8-Sep,NA,FORTINOS HAMILTON ON,88.13,Groceries,Sep,2021
10-Oct,NA,CDN TIRE STORE #00027 DUNDAS ON,19.48,Home Improvement,Oct,2021
10-Oct,NA,THE SHOE BOX DUNDAS ON,203.39,Other,Oct,2021
10-Oct,NA,STARBUCKS 04709 BURLINGTON ON,6.38,Restaurant,Oct,2021
10-Oct,NA,FORTINOS (DUNDURN 2018 HAMILTON ,17.27,Groceries,Oct,2021
9-Oct,NA,VESTA *CHATR 888-278-5588 BC,39.55,Other,Oct,2021
8-Oct,NA,BEST BUY #982 ANCASTER ON,34.23,Other,Oct,2021
